time,open,high,low,close,Volume,Volume MA
1544572800,355,409.8,337,358.99995,654.74302089,NaN
1544659200,358.49995,360,335.05,346.3,428.61932032,NaN
1544745600,346.5,379.99,326.10038,336.58999,561.06937487,NaN
1544832000,336.58999,349,320.65001,332,234.93247433,NaN
1544918400,339.98,345,329.02,339.75872,76.28963147,NaN
1545004800,339.8293,377.9499,330.00001,369,723.68688231,NaN
1545091200,369,400,338,397,719.54992803,NaN
1545177600,397,447.9,392,404,1594.48867803,NaN
1545264000,404,449,390,443.92832,1041.09561973,NaN
1545350400,443.87985,463.10219,423,436.62769,779.35222322,NaN
1545436800,436.6277,452,425,452,272.03552512,NaN
1545523200,452,1200,452,523.9,2855.96416977,NaN
1545609600,523.8,650,523.8,566.01313,3023.664956,NaN
1545696000,566.01313,569,490.17001,539.99,799.75548076,NaN
1545782400,539.98,564.99,505,529.98,758.08743483,NaN
1545868800,529.97995,530.97995,437.5,464.49,933.18824199,NaN
1545955200,464.999,557.51,450.42415,537.94999,937.94948521,NaN
1546041600,543.99999,580,523,543,852.87875757,NaN
1546128000,530.10005,546.43999,520.00001,543.99999,424.79827619,NaN
1546214400,543.99999,570,525.02001,526.01,362.25391044,901.720169554
1546300800,526.01,556.27,524,545,248.52654926,881.4093459725
1546387200,547.61,620,542.30005,607.97,1435.02790679,931.7297752960001
1546473600,607.799,608,565.01,579.84888,580.39717515,932.6961653100001
1546560000,579.88,599.99998,572,593.98,554.59214857,948.679149022
1546646400,593.98,615,591,595.39099,463.43005834,968.0361703655001
1546732800,595.39199,605,581,599,496.22319653,956.6629860765
1546819200,591.08,596.97995,568.1,576.88,589.8897063,950.1799749900001
1546905600,576.84,584.98,560,566.90434,659.08574221,903.4098281990002
1546992000,569.99994,574.2,555.03013,560,361.50628302,869.4303613635002
1547078400,558.00001,568.5,473,497.48,995.51968582,880.2387344935001
1547164800,490.83992,500.00005,473.5,486.95998,389.60326892,886.1171216835
1547251200,479.84,497.98765,470,476.81,151.56700137,750.8972632635001
1547337600,480.48926,480.48926,426.07,442.98,474.80685241,623.4543580840001
1547424000,442.98,518,433.4801,493.08,788.80928951,622.9070485215
1547510400,493.08,510,460,462.48,468.1226819,608.408810875
1547596800,465.26,490,462.26,469.09,280.50350015,575.774573783
1547683200,469.09,471,454.00001,465.9999,179.77106249,537.865652647
1547769600,463.06,470.99,455,457,156.20873649,503.032151593
1547856000,457,474,456.32015,467,160.35435692,489.80995562949994
1547942400,467,471.27,450,459.2,248.44882988,484.11970160149997
1548028800,453.34031,461.283,435.6906,445.96992,245.25301031,483.956024654
1548115200,441.75044,457.99999,436.30001,456.26984,219.26524116,423.1678913725
1548201600,455.81962,459.89999,441.02,447.97999,181.13139221,403.20460222549997
1548288000,445.02,451,442,443.01,136.24300333,382.28714496349994
1548374400,446,447,441,441.05,130.01540204,365.61641214849993
1548460800,443.8,445.99999,439,442.82997,101.41890985,345.87619781449996
1548547200,440.2,443.46,424.13014,429.31967,99.15831354,321.3396281764999
1548633600,425.02,432.99995,382.00001,404.1995,375.31516115,307.1510991234999
1548720000,404.1795,405.89999,390,396,175.36665018,297.8441174814999
1548806400,396.08,410.89199,333,405.28996,712.22645383,283.67945588199984
1548892800,405.24994,412.99,385.04,393.51,234.28096993,275.91334093249986
1548979200,393.55,401.327,389,393,189.26052592,277.79801715999986
1549065600,392.98995,399.08995,385,395.25003,225.43870433,265.32960975599985
1549152000,398.97,398.97,386.01081,388.21,36.44465617,227.71137808899985
1549238400,389.91166,394.99994,386.00001,394,60.31579053,207.32103352049984
1549324800,394,394,386.01007,393.8,241.37172537,205.36444478149983
1549411200,393.8,393.8,375.00007,386.95,147.3562535,203.74370433199982
1549497600,386.96,396,383,385.15,152.94143419,203.58033921699985
1549584000,385.2,448.7,385.103,428.05,754.5781379,233.29152826599983
1549670400,428.1,437.49,422.00087,426.55,226.89117713,232.21364562849985
1549756800,426.7,450.01,424,450,245.60558677,232.23127445149984
1549843200,450,459.89999,436.00001,454.98,317.71269194,237.15364699049982
1549929600,451.06001,459.9,441.2,451.2,292.53925552,242.72404015599983
1550016000,451.22,475.5,451.22,464.23995,406.96688498,256.26023423849983
1550102400,464.18,466,450.9,456.86978,222.51180028,260.88505415049985
1550188800,455.73888,457.7196,445.8001,452.83763,148.25894781,263.22705604849983
1550275200,453.73864,457.21,448.74489,451.94,63.49357042,261.44381889249985
1550361600,451.9402,499.1,451.9,498,628.77387749,274.11675470949984
1550448000,498,550,492.5705,540,991.30470002,314.91365720149986
1550534400,540,553.5,533.00001,533.01,524.78047176,305.54135809799993
1550620800,533,554.99999,513.02001,549.9,677.69370092,327.7119946474999
1550707200,547.02002,555,538.00006,552.95999,320.26138112,334.2620374074999
1550793600,552.95999,560,546.5,558.99999,185.37823694,332.2590140379999
1550880000,558.5,590,548,588,441.10791408,352.49217693349993
1550966400,588.12,630,511.02001,525,1230.66580773,411.0096777934999
1551052800,525.01,538.99,509.88,527.92993,642.60198674,431.071190862
1551139200,526.34886,528,510,513.01,285.47838463,437.9772974185
1551225600,515.5,530,480.00003,507.67199,615.8772099,461.12408620400004
1551312000,504.15,517.19998,501.00001,516,282.60832579,437.5255955985
1551398400,515.8,524.23,504.41001,517.74,218.05753908,437.08391369599997
1551484800,517.74,520.79,510,515,171.63799081,433.385533898
1551571200,511.5,516,504.5,511.5,53.74388391,420.1870934965
1551657600,506.06003,512.50942,485,488.12001,207.30563826,415.92541263350006
1551744000,488.12001,520,480,505,394.22619923,415.288378346
1551830400,496.02001,522,496.02001,518,278.10784636,418.06818065
1551916800,518,538,517.1,530.2,347.64981713,428.03772411600005
1552003200,534.57998,534.57998,515,518.04,209.98030411,435.36206080050005
1552089600,518.08,533.2,518.08,531,71.9881897,407.52277641100005
1552176000,531.79999,531.9999,525,528.35,80.2784411,361.97146346500006
1552262400,528.48,528.96999,511.00011,511.43012,260.33881451,348.7493806025
1552348800,516.18961,516.95999,500.0001,509,274.33023615,328.581207364
1552435200,509,514,505.22001,508.22,136.56591161,319.3964338885
1552521600,508.62,525.5,508.22,516.99,153.18019049,317.786531566
1552608000,516,528,508.7911,525.48,409.92309253,316.2272904885
1552694400,525.48,541,522.63002,533,436.97440706,276.542720455
1552780800,531,533,522.6,528,112.65338772,250.045290504
1552867200,528,533.33,525,531.89996,263.2324454,248.93299354250001
1552953600,531.96,538,526,534.99998,317.50871237,234.014568666
1553040000,534.99998,535.59989,530.87,533.99997,131.51433725,226.459869239
1553126400,530.87,534.88,521.00002,528.93995,257.36027704,228.425006137
1553212800,528.96,538,522.01001,537.35,232.8761251,231.4869128515
1553299200,537.35,540.1,531.37001,537,312.19445611,244.4094414615
1553385600,540.11,540.981,534.64,538.26,132.21716292,240.65501769450003
1553472000,538.7,541,525,529.14002,203.12261822,231.09983864400002
1553558400,534.61993,534.61994,525.5,528,126.84824836,223.53685874400003
1553644800,529,569.538,526.37021,559.98,694.65237534,240.88698665450002
1553731200,559.98,565,543.01001,548.15999,231.8107402,241.97850845899998
1553817600,548.16,562.99,544.50001,562.99,330.85845155,254.9220215515
1553904000,562,580,562,566.5,191.54188939,260.48519396599994
1553990400,566.5,569.5,563.01,564.1,138.66575756,254.40154111849998
1554076800,564.1,574.88,560.21001,565.95997,396.85306163,260.52768239249997
1554163200,565.75957,639,558.5,638.99,1995.72145846,353.485459735
1554249600,638.99,719.93956,573,623.0001,2207.47150653,456.200025537
1554336000,627.74,679,585,617.35,1122.483439,491.8280428605
1554422400,612.24,664.99999,605.29001,651.02951,877.93467682,513.8760563485
1554508800,650.72927,670,645.02001,654.49,398.28452938,528.1576134315
1554595200,656.26,688,650.01,673.11001,454.42405795,537.7171940589999
1554681600,675,741,675,714.94,1747.85916819,609.2347168499999
1554768000,710,717.94002,690,698.47,599.61976511,632.6399882429998
1554854400,698.00033,717,693,701.98,488.88230825,644.2160898034999
1554940800,701.98,701.98,600,645.83,855.98339298,675.3714531974999
1555027200,645.41958,671.89999,616.00001,650,305.88618028,675.056039406
1555113600,650,659.17776,646.08003,656.95954,73.13909108,672.1021358139999
1555200000,650.74003,661,640,661,109.00557449,667.3962836274999
1555286400,660.95998,679,632,636,408.55839899,681.481791159
1555372800,636,662.45,626.17001,650.23,316.31950257,662.5651475205
1555459200,655.98,705,650.23,663.97,647.51679883,683.3504504519999
1555545600,663.97,709,659.15,692,537.72502232,693.6937789904999
1555632000,693,696,673.00584,683.28118,172.50258351,692.7418136965
1555718400,693.39996,709,680,693.1,272.92227628,699.4546396325
1555804800,693.1,693.1,660,691.19999,241.20022333,691.6719977175001
1555891200,682.08017,693,673.2,685.16004,321.93895582,607.9828725855
1555977600,690.99894,695,675.1,688.75,422.52765714,518.735680116
1556064000,688.75,693.05,659.66,668,324.62737358,478.84287684500003
1556150400,667,674,620,632,300.20966028,449.95662601800007
1556236800,632,661.799,610,622,502.04976512,455.14488780500005
1556323200,621.8,648.98285,618.5,645.98658,105.90277854,437.71882383450003
1556409600,645.93739,645.93739,625,625.0201,89.90482483,354.8211066665
1556496000,630.79989,631,600.00002,613.98,178.48568182,333.764402502
1556582400,609.1,640,609.1,638.77948,151.18868766,316.87972147249997
1556668800,638.72992,647,628.06,629.82005,138.37506992,280.99930531949997
1556755200,633.76776,645.99999,628.02,642.49994,212.28767987,276.319380299
1556841600,641.99994,710,510,662.5,890.58561673,317.19170658149994
1556928000,662.49,668.99999,633.39,652,107.07605807,317.09523076049993
1557014400,652.00001,657,637.17007,642.02,108.96749481,302.11568555149995
1557100800,649.28881,690,639.66001,683.19,547.82868354,313.69114460000003
1557187200,686.59764,770,625,689.0001,1921.1207926,377.3713442885
1557273600,686.01,700,668,678.85,694.50947525,385.210566935
1557360000,680,687.35,672,678.52,578.48164217,405.509519868
1557446400,684.82514,700,677.61,694.2,618.96970694,422.811891401
1557532800,694.2,794.65,683,762,1261.18943769,473.811352119
1557619200,759.98,759.98,680.5,709.97,800.77878603,497.75334362949997
1557705600,709.79,828,634.66,784.97934,3492.85605979,651.269763762
1557792000,784.97934,870,760,865,2236.71959583,746.8743748745
1557878400,865,1170.50973,800.37,1027.5,3922.28377533,927.978080627
1557964800,1027.49973,1110.24,1000.01,1075,3156.77417542,1060.714301142
1558051200,1070.08,1078.77,900,1016.79,2341.09296687,1172.4738105585002
1558137600,1016.79,1038,975.51,985.46002,654.38640345,1200.6978894895003
1558224000,986.43,1049.55,985.02,1030.00013,1054.55140613,1244.5011757050004
1558310400,1034,1035,990,1023.99995,740.48582213,1273.9660324285003
1558396800,1018.33,1067.97878,1018,1050,595.61624532,1296.8280911985005
1558483200,1048.98,1060,1000,1012.1,614.81152426,1316.9542834180004
1558569600,1012.11,1022.98999,975.10005,1008,842.75574566,1314.5627898645002
1558656000,1008,1025,1000,1015,451.90734519,1331.8043542205003
1558742400,1015,1037.99,1012,1022,185.93558803,1335.6527588815002
1558828800,1022,1049.68,1001.01,1039.95,664.31350203,1341.4769998060003
1558915200,1039.95,1089.99999,1022,1079.84993,1119.23052528,1301.3824864400003
1559001600,1082.99,1094,1060.01,1089.27,725.8298589,1302.9485056225003
1559088000,1089.26,1100,1065,1082.25,439.87478169,1296.0181625985
1559174400,1082.25,1169.34,1007.21002,1050,1540.96814857,1342.1180846800003
1559260800,1050,1089.99998,1035,1079.9,572.67959818,1307.6925927045
1559347200,1078,1100,1067.00023,1072.5,217.72975719,1278.5401412625001
1559433600,1078.51,1083,1072,1075.16036,95.60917825,1108.6777971855001
1559520000,1075.16036,1083,1000,1005.4666,612.27153454,1027.4553941210002
1559606400,1005.4666,1020.0987,900.01009,941,1197.65924372,891.2241675405
1559692800,944.99999,1014.09,944.99999,983.89,625.92899647,764.6819085930001
1559779200,983.47,1005,940,1002.98,353.20306095,665.2874132970001
1559865600,999.85,1014.88,970,992.96,721.34641578,668.6354139135001
1559952000,985.00006,995,952.01,974,338.12933118,632.814310166
1560038400,974,983.68708,900,925.93975,454.25882928,618.5029605235001
1560124800,916.79028,977.99999,916.3301,962,496.16035524,613.5301660195
1560211200,963,968.59,939.03001,961,281.87264602,596.8832221075
1560297600,963.59,1007.01,910,1005,856.05709263,597.548289456
1560384000,1006,1019.99,990.1,1004.99,493.52055019,599.628949706
1560470400,1000.2,1026.08,985.01,1025.1,556.21872743,618.1431066759999
1560556800,1022,1044,1017,1035,287.73010857,599.313937003
1560643200,1035,1050,920,1026.99999,438.81590971,565.2932062245
1560729600,1026.89,1052.88,1014.96,1038,567.97010825,557.400218692
1560816000,1037.54005,1045.2,990,1023.95,618.76120311,566.344539763
1560902400,1023.95,1040,1015,1039.99994,342.7722787,506.4347462694999
1560988800,1040,1050,1021.00001,1040,213.28343711,488.4649382159999
1561075200,1040.08,1160,1040.03001,1159.99,1244.3708267,539.7969916914999
1561161600,1156,1200,1063.63001,1159.98,1423.01034731,606.1670501444999
1561248000,1159.98,1175,1130.01,1150,315.64460874,591.3357038544999
1561334400,1148.01,1195,1100,1193.63977,554.31707123,559.1685952299999
1561420800,1193.52993,1241.88413,1165.96007,1230.96,724.98609449,564.1214501309998
1561507200,1230.9659,1399.15,1200,1323.58,2446.04268037,668.7634311019999
1561593600,1326.49,1340,950,1144.58,1818.5106951,723.6216450679999
1561680000,1140.00005,1247,1130,1207.99,914.08321309,752.4193391634999
1561766400,1205,1227,1151.10006,1226.99999,544.84239538,756.9485174684999
1561852800,1217.12233,1229.9,1151.5,1151.51,405.35019696,752.4080095544999
1561939200,1151.51,1180,1054.00001,1160.80045,736.48831212,775.1387928595
1562025600,1174.95998,1174.95998,1056,1116.31,579.61270747,761.3165736015
1562112000,1119,1170,1117,1151.71091,526.06072276,762.94358223
1562198400,1151.71091,1159.98,1082.76,1099.87973,444.41328242,757.3533099795
1562284800,1099.75,1137,1084,1127.75,373.68345171,761.6509771364999
1562371200,1127.13,1137,1103.68997,1111,154.1175425,747.416058776
1562457600,1111,1180,1105.00005,1161.00037,324.91557049,735.263331888
1562544000,1179.84999,1180.00005,1149.99995,1174.97,412.60810281,724.955676873
1562630400,1171.13,1190,1126,1164.88,454.92321799,730.5632238374999
1562716800,1155.18006,1173,1080.00005,1117.37799,859.9459707,762.896350517
1562803200,1114.99995,1118.42323,1009.61946,1029.91995,640.73522307,732.7145703355
1562889600,1028.67919,1086.3799,1028.67919,1052.37,229.77295446,673.0527006929999
1562976000,1052.36,1061.44,1011.00896,1027.7028,146.85407611,664.6131740614999
1563062400,1027.7028,1034.49086,913.85001,919,598.45421209,666.8200311045
1563148800,919,979.9,822.50055,890,1036.07559579,682.3745061695
1563235200,895.77795,919,751.69005,775.25,1383.72466714,629.258605508
1563321600,760.13019,870.5,750,809.47,1030.67364632,589.866753069
1563408000,809.99995,859.10152,786.18003,841.38,976.54715062,592.9899499454999
1563494400,841.37,845,805,827.18,550.6075998,593.2782101665
1563580800,833.97838,859,815.54001,840.02,419.87397094,594.0043988655
1563667200,851.8698,858,822,841.98,266.45738693,570.5028526059999
1563753600,841.95,844.9998,809.00001,820.52007,390.54859168,561.0496468165
1563840000,826.91996,829,791,804.99,492.42196707,559.367709032
1563926400,804.81,829.83562,779.55,819.50621,519.75442502,563.134766162
1564012800,819.5,841.56559,811.00006,835.41,319.03660524,560.4024238385001
1564099200,835.41,838,815,831.75015,487.3521436,577.0641538935
1564185600,831.75,839,790,808.70394,543.84974554,588.010862646
1564272000,808.70227,810,791,802.09025,153.29499796,575.0452074035
1564358400,806,815,800,802.00005,175.53609832,561.07585142
1564444800,807.49995,818.34476,796.11112,809.95999,453.01611957,540.7293588635
1564531200,805.10005,827.99981,804.99001,820.45002,430.53831283,530.2195133515
1564617600,820.45003,837,813,827,376.79570898,537.5706510775001
1564704000,830,850,822.11,844.94,567.182855,558.5870900220001
1564790400,844.94,855,838,846.50964,257.12248543,541.5205036890001
1564876800,853.99999,858,840,857.99,191.64574335,499.2990110670001
1564963200,849.11025,920,846,889.98861,1130.18386652,486.621971036
1565049600,889.98999,901,860.0001,879.39789,786.98004322,474.4372908810001
1565136000,873.39887,897.99,868,891.9796,382.16469668,444.7181681840001
1565222400,891.96999,898,850,871.00001,408.38673985,437.6071251865002
1565308800,877.99999,879.99979,838,839.11001,666.44120956,449.9354871175002
1565395200,840,892.13,810.80003,827.56385,955.04179137,484.36470733950017
1565481600,830.11,852.30275,827,850.99999,181.42642005,473.90859875800015
1565568000,846.08313,851,835,844.03699,204.13543105,459.4942719570001
1565654400,847.96999,847.96999,820.02,835.00005,376.33068035,452.3230847235001
1565740800,835.00001,849,771.00005,775,1489.88166451,510.865337687
1565827200,774.50001,789,740.00001,769.89945,979.03342313,535.4494016635001
1565913600,769.89999,769.9,745,758.99994,333.94519828,524.9541743005001
1566000000,755.50053,764.73458,745,757.96979,164.6863365,525.5237412275002
1566086400,748.58,792,745.01002,775.36011,343.94785279,533.9443289510001
1566172800,776.00169,823.82,775.35,817.00003,464.90060434,534.5385531895001
1566259200,823.67963,824.99784,790.09001,805,348.0446949,530.413872293
1566345600,803,805.595,750,764.87849,497.22663127,536.4354184075
1566432000,764.86897,800,750.10007,785.0011,533.14509517,534.7335304160001
1566518400,784.2,797.9782,782,791.00111,367.03210063,540.2290111760001
1566604800,792,796.76039,772.37,783.12988,139.21634843,537.6075414300001
1566691200,783.12988,788.16,774,774.99,119.82116554,487.0894063810001
1566777600,774.99005,790,774.00009,784.62949,209.73611103,458.2272097715002
1566864000,778.1,784.85,772,778,178.24416373,448.0311831240002
1566950400,775.88,786.08,720,737.52331,682.01551115,461.71262168900023
1567036800,737.52463,742.94934,702.0031,714.03,599.21133659,458.3511280405002
1567123200,714.0181,724,702.0031,720.99676,381.1678397,429.6574304570002
1567209600,719.99756,720,704,715.00528,135.23947831,427.3480833700002
1567296000,715.0165,720,705,714.01487,95.1716912,421.8998963775002
1567382400,719.98,748.5,714.04,740,379.47156051,422.0569403855003
1567468800,740,750,731.00001,745.18369,266.43262348,360.8844883340003
1567555200,741.00001,745.17393,500,731.39997,747.412635,349.30344892750026
1567641600,729.99999,731.5,710,714.00054,422.65200154,353.7387890905003
1567728000,723.65843,731.62859,685.00002,704.99999,469.0457191,368.95675822050026
1567814400,704.99999,729.68999,701.67173,722.86001,235.79555376,363.54914326900024
1567900800,722.90001,739.96,722.81001,737.86995,359.8379321,358.29600965700024
1567987200,731.81056,744,722.81,744,455.93234499,363.69039216150026
1568073600,735.27571,745.97,726.16,735.79999,267.07346231,352.1827337135002
1568160000,735.57439,739.99,725,734.09975,188.89992557,334.9704752335002
1568246400,726.81761,736,726.05,731.35,142.03877573,323.72080898850027
1568332800,731.52001,740,620,739,395.26419196,336.5232011650003
1568419200,735.37,760,729.00001,756.00001,357.93701512,348.4289936440003
1568505600,756,769,754.0003,764.68137,245.02586261,350.1934812230003
1568592000,767,820,760.00013,803.38,880.25175118,385.2938605955003
1568678400,800.18001,879,798,860,1332.45235885,417.8157029805003
1568764800,858.1,877,800.0542,856.98983,1071.12634316,441.41145330900025
1568851200,856.98,923.9985,826,915,1460.13420281,495.35977146450034
1568937600,912.0302,919,875.00153,893.1203,705.94814542,523.8952048200002
1569024000,899.69,911.99998,895,896.2,198.61573395,529.0674069575003
1569110400,896.2005,903.8387,860,883.43939,290.38966412,524.6133121380004
1569196800,872.93001,894.99962,843,844,497.78148256,536.1807550920005
1569283200,844.05,850.9852,732,750,1255.62022585,561.5911346345003
1569369600,750,755,703.34,727.00395,555.93467515,568.2552683150004
1569456000,736.99953,736.99953,666.66,703,747.80948325,582.1934565225004
1569542400,704.99995,749,685,738,506.80774297,595.7440659830004
1569628800,738,747.79911,723.92084,737.97613,270.44713329,591.2745260425004
1569715200,729.01,738,700,721.08,242.79500737,580.6176591615003
1569801600,721.08,748,708.1,743.99999,439.10212112,589.2190921020003
1569888000,744,800,734.00007,743.95892,629.37703016,611.2429473315003
1569974400,738.52541,754.79999,736.01,745.97,310.28774049,619.6553955695003
1570060800,746.82,752.98716,715.00002,719.99999,340.28220034,616.9062959885003
1570147200,719.99,729.99564,716.01,725.91,161.99021106,607.1089557855004
1570233600,721.61591,726,712,714.99,58.55107745,597.7852165275003
1570320000,714.991,718,700,705.00999,70.93883203,557.3195705700003
1570406400,700.00001,748,695,737.63,300.23846818,505.7088760365003
1570492800,740.98933,752.96989,730,733.43,239.64993759,464.13505575800036
1570579200,739.22995,800,732.80247,788.2,807.03809194,431.4802502145004
1570665600,786,799,777.99014,792.47807,362.7204478,414.3188653335004
1570752000,792.47969,795.9999,746.00008,756.99,515.28844437,430.15250085450043
1570838400,759.9352,767.99,750,751.81427,114.59652412,421.36284385450034
1570924800,759.39417,767.98318,750,759.99999,108.47245562,401.89739250750034
1571011200,759.99999,780,753.2,774,294.04511307,353.8186368685004
1571097600,774,780,757,762.99,323.61841519,342.20282387050037
1571184000,762.82,768.42,732.8,738.97,378.30919427,323.7278094215004
1571270400,739.99999,757.99988,732,744.98995,289.73068983,312.8739567645004
1571356800,744.98995,748.98,721.0004,722.501,406.46761747,319.6749809735004
1571443200,722.501,732,715,717.50005,106.83604367,312.8770327885004
1571529600,719.99939,748.98,711.00421,729.31999,225.78946074,302.2113997695004
1571616000,723.57506,760,722.71,728.22,413.26655806,291.4058761645004
1571702400,728.22,741.44109,713,713.01,457.05059101,298.7440186905004
1571788800,713.01,727.98966,640.1303,662.99861,1260.76253182,344.7680352645004
1571875200,655.25406,676.72276,610.0001,668.71999,396.11332261,356.47419084200044
1571961600,668.18879,740,658,710.53561,935.32405682,400.3128398105004
1572048000,715.98606,753,671,689.04091,846.43391259,439.08759383850037
1572134400,689.50025,718.98995,688.00001,718.94,312.73682168,439.71251151350043
1572220800,718.94,720,695.04001,715.98981,731.49787848,464.3049085580004
1572307200,711,760,708.34001,752.5,915.21985514,469.71399671800043
1572393600,747.05,759.7,725,736.99373,506.15006792,476.88547772400045
1572480000,726.91025,754,725,737.69,339.48032323,468.0950716670004
1572566400,737.69995,739.97,723.2,736,424.6375189,483.5971214060004
1572652800,736,736.5,726,729.55631,98.96808573,483.12190291150046
1572739200,732.68899,739.71,726.10001,727.50005,204.75404905,478.6573497105004
1572825600,727.50025,746,727.5,744,283.97671204,476.6752645530004
1572912000,744,759,726.62,751.00001,575.44981078,486.5322953785004
1572998400,754,770,737,765.00157,506.55238722,497.3733802480004
1573084800,765.00238,775,752.30001,763.97969,387.23591466,496.4117951075003
1573171200,760.00001,773,745,767.03,528.83437599,517.5117117235003
1573257600,767.04,770.9,762.47456,769.39825,156.74268833,514.0593731030003
1573344000,769.39669,794,763.89,786.00011,312.03306122,508.99769826100027
1573430400,786.00011,788,763.89,777.12059,322.96785189,502.29356130500025
1573516800,768.20207,783.28999,768.20001,781.98,169.94901125,447.75288527650025
1573603200,777.00006,789,726,785,438.40562716,449.8675005040003
1573689600,783,790,749,782.99995,230.11612722,414.60710402400036
1573776000,782.99,783,760.48002,764.19067,121.7361258,378.37221468450036
1573862400,770.83816,776,762.05,769,62.13144851,365.8419460260004
1573948800,769.0001,781.77,765.4321,781.75,48.10206052,331.67215512800044
1574035200,781.76,781.76,745,751.00002,278.89972265,299.85614850350044
1574121600,760.891,760.891,738,749.8593,187.13501519,283.90539586700044
1574208000,749.85999,749.85999,733,742.95652,117.11950992,272.7873552015004
1574294400,733.11328,746,680,683.63799,545.65330804,278.8381446585005
1574380800,699.85543,699.85544,620,646,903.29324812,319.05440277800045
1574467200,641.00001,681.67999,630.2002,656.98957,146.47352179,316.14037641500045
1574553600,656.30993,656.30993,620,620,170.52669856,310.46787574100046
1574640000,620,647.66999,582.94283,625.00013,608.23735305,312.1072528545004
1574726400,635.00333,641.78494,620.00197,633.82763,295.47086931,301.55317695900044
1574812800,633.81994,750.1,622,660.90006,922.53362084,328.31806226800046
1574899200,664.20885,667.82999,636.45002,646.35,296.84657674,316.7186723055005
1574985600,641,667,641,660.99995,367.37938861,327.25050731950046
1575072000,658.01013,664.99999,646,653.15223,92.03205017,316.25045676700046
1575158400,646.98049,652.86247,634,645.20005,97.25834634,304.9649814895005
1575244800,647.73279,648.22,532.0001,634.88999,394.08037022,316.17154943800045
1575331200,632,639.83,581.0001,620.99995,436.98865645,316.1007009025005
1575417600,619.24001,634.95,604,615.61067,220.10348703,315.60006889300047
1575504000,621.61814,639.78,582,625.9836,423.68684129,330.6976046675005
1575590400,622.70081,626.79975,616.74015,623.69609,137.4679707,334.4644307770005
1575676800,623.47975,626.69989,620,622.43474,45.93507406,334.35608145400045
1575763200,622.31676,626,618.25,622.5,52.52092576,323.0371416095005
1575849600,622.5,625.9654,601.13,617.74875,212.03154243,324.2819679715005
1575936000,613.34136,617,607,607.65042,126.72617562,324.76230125650045
1576022400,608.98591,690,589.17005,592.25,573.15995475,326.13763359200044
1576108800,594,638,551.011,601.73,436.29070312,302.7875063420005
1576195200,602.66682,603.72982,593.04103,600.11,185.15847772,304.72175413850044
1576281600,600.11,603,590,593.41295,67.96818903,299.5938286620004
1576368000,590.00187,594.33102,580.10051,590.00005,38.90079138,271.12700057850043
1576454400,592.78357,592.78357,513.02,544.90724,474.05284308,280.05609926700043
1576540800,544.60643,548.91918,465.85,500.99,582.03501387,263.0311689185004
1576627200,497.2402,568,480.21936,545.76801,787.01015314,287.5393477385004
1576713600,542.70001,567,515,522.47081,457.85991523,292.0633740695004
1576800000,524.99994,533.10998,519.00001,524.65,187.78928184,296.8512356530004
1576886400,529.92987,530,523.24145,527.39993,63.67964828,295.17230075000043
1576972800,527.4,547,525.06205,544.38999,126.99570528,281.8180675030004
1577059200,541.34062,551.5,505,520.65084,438.59604861,281.8984371110004
1577145600,520.65,544,520.65,527.42118,133.76203805,277.58136466200045
1577232000,534.46478,534.46478,510,521.5,134.45096859,263.11957102700046
1577318400,521.5,556.99,511.33051,516.90187,292.78485832,270.8854154080005
1577404800,525,530,511,521.36943,473.46660086,292.26199174800047
1577491200,521.12887,524.77,518.29037,523.1,100.40625271,294.65625809550045
1577577600,522.99994,545,520,537.06001,237.22311016,295.9158364820005
1577664000,536.22,548.6,525.00007,533.75006,327.59758439,305.9594069205005
1577750400,534.0508,569.99,525,529.95982,406.18350039,297.6105842025005
1577836800,529.9598,534.99999,525,526.16056,68.01555633,279.19682686300047
1577923200,526.50275,540,512,525.35584,231.48234248,281.5130201010005
1578009600,524.5384,549.13578,518.40001,547.71894,317.83165753,294.00619352600046
1578096000,547.19235,548.64999,537.50497,546.94,108.86498311,297.5044031125005
1578182400,548.33999,564.99999,545.01,550,258.73300381,286.73841114900046
1578268800,550,590,550,589.99999,390.16205868,277.1447633895005
1578355200,590,594.37,552.98,583.47,643.69170095,269.9788407800005
1578441600,580.39492,590,550,570.14375,691.66126653,281.66890834500043
1578528000,566.5,569.52866,551.58009,564.89999,183.45010029,281.4519492675005
1578614400,564.89917,586,555,585.99994,435.93609535,300.06477162100043
1578700800,586,595,575,583,353.01961071,311.36596689250047
1578787200,580.16025,592.99999,580.0001,589.12151,144.21654913,296.6469919185005
1578873600,591.50823,595,579.00001,589,318.89942414,305.90386122300043
1578960000,589,695,588,672.11988,1825.14109105,390.4383673460004
1579046400,672.11,698,650,685.99838,904.44229732,421.0212392960004
1579132800,680.78344,685.95969,650,679.99999,664.78588626,430.5872035660004
1579219200,674.50748,729.51,674.50748,716.3,956.24461115,473.3791214880004
1579305600,716.3,772.3,706.00036,732,802.72411909,501.6541719345005
1579392000,732.00999,737,680,694.60289,749.88356858,522.7684711440005
1579478400,695.53641,709.98,664.50001,701,481.3398139,526.5262868195006
1579564800,701,718,700,713.58,435.93058527,544.9220382665005
1579651200,710.99134,715.21,702.36601,706,223.52612689,544.5242274870005
1579737600,706.00006,709.76677,665.00005,678.0451,674.64302484,562.3647958525005
1579824000,677.86062,690.99,660,682.02,284.58756142,571.1509247680006
1579910400,683,689,670,681.11,173.75931334,566.9022402445005
1579996800,681.11,707.94994,674.7953,701,170.47993174,555.9181338975005
1580083200,701,716.8958,688,712.97999,673.56048203,557.4115729515005
1580169600,712.97,723.0456,707,723,506.63197614,548.1601084320006
1580256000,722.6,735,720.00001,728.28,559.6792345,566.9715651425006
1580342400,730,772.3,714.13651,764.6679,798.14939806,585.0822302780006
1580428800,757.05063,769.87304,741.02,763.66,660.24893531,600.4436965080006
1580515200,763.65,779.99,760.36005,779,304.37851483,608.4517947930005
1580601600,779,826.24402,763.05,809.44,712.11542019,628.1125945955006
1580688000,809.44,830,782.01001,805.476,740.50044542,573.8805623140006
1580774400,803.00001,812.89,775.1,799.1079,543.59507204,555.8382010500006
1580860800,802.89733,885,792.58,864.88,981.41332746,571.6695731100006
1580947200,869.77999,1000,850.55,916.00115,2416.89080337,644.7018827210006
1581033600,916,999.7,900,956.11999,1722.01679799,690.6665166660006
1581120000,952.27,965,916.1,959.76,493.99431012,677.8720537430006
1581206400,955.09006,985,955.09,971.42517,659.67522318,686.7888242070005
1581292800,975.97995,975.986,921.10001,960,705.56256779,700.2704233330006
1581379200,962.9,1024.99991,932.44,1011.99999,1710.54229102,774.6212315395006
1581465600,1012,1198.85,1011.99999,1176.68,3477.2364609,914.7509033425007
1581552000,1176.67984,1215,1106.1,1167.92994,2494.67569564,1025.2553100535006
1581638400,1167.92989,1250,1120,1230,1625.86273402,1097.8604810875006
1581724800,1230,1245,1112,1164.98567,1597.22678906,1169.1978239535006
1581811200,1162.98903,1197.8,1025.05,1149,1168.92060869,1193.9658302865007
1581897600,1148,1167.99,1050.01,1159.99999,1432.07685512,1240.2380742355006
1581984000,1159.99999,1250,1148.00001,1211.80103,1403.47391329,1282.4278081750006
1582070400,1219.99001,1240,1131.59,1165,1542.01010047,1319.6208432955007
1582156800,1165,1198,1100,1154.97888,1124.62692811,1342.8397429355007
1582243200,1154.97,1200,1130,1166.34,621.37575433,1358.6896049105007
1582329600,1173.83994,1174,1140,1157.56,170.6803357,1331.6178506860008
1582416000,1158.94987,1198,1151.26064,1194,470.42546816,1318.1141018230007
1582502400,1187.5983,1200,1150.03,1184.91,394.77051653,1310.6728740475007
1582588800,1184,1184.65941,1101.1,1116.10005,655.74122532,1294.3892689405009
1582675200,1116.1,1129.95969,960,1016.0205,1578.36296076,1252.462876810001
1582761600,1016.01,1095.8,950,1043.06926,1205.77515259,1226.650794540001
1582848000,1043.06,1055.9999,981.85006,1026.54022,680.29406502,1235.9657822850008
1582934400,1026.54,1046.63904,1010,1010.0001,178.33427792,1211.898735022001
1583020800,1010,1035,950,992.63,469.4854597,1200.0948796175012
1583107200,992.61,1040,992.61,1038.97999,1126.37611461,1170.8865707970012
1583193600,1038.96421,1039,995,1012.00071,451.99900812,1019.6246981580013
1583280000,1017.4999,1040,1012.5,1028.27318,365.12159505,913.1469931285013
1583366400,1028.61384,1140,1028.61384,1079.46933,1405.52098099,902.1299054770013
1583452800,1079.44,1122.02001,1062.77001,1122.02001,636.97308833,854.1172204405013
1583539200,1122.06003,1150,1082,1100.09052,620.40362992,826.6913715020013
1583625600,1098.03162,1105.47867,970,973.4587,785.01164673,794.3381110825013
1583712000,971,1024.57999,950,976.2,1182.97168229,783.3129995325013
1583798400,976.25459,1005.29273,948,958.12001,866.41567427,749.5332782225012
1583884800,958.12001,972.87921,855,944.84,1023.60445412,744.4821545230013
1583971200,951.62934,954,580,581.16595,2742.71086319,850.5489099660014
1584057600,582.80005,789,500,686.9379,3321.58294617,1008.0940404895015
1584144000,683.99,695,628.81,635.08002,517.0454177,1010.4250379665015
1584230400,636.02,685,635.99,662.85866,608.39843748,1021.1064340140014
1584316800,653.21101,661.80302,550,579.96018,1948.76473899,1085.7576096975015
1584403200,583.32999,650,555.5555,600.52,1742.96422177,1093.9876727480014
1584489600,600.52,623.84,580.03001,603.5,880.14349773,1077.7060900050014
1584576000,601.06232,728,601.06227,711,2617.00230199,1174.5415018535016
1584662400,711,830,620,685.11,3204.7860521,1325.8640905625016
1584748800,685.11,717.99,653,689.15005,703.53762711,1337.5666989330016
1584835200,689.97,698,628.02,651.11,724.49594149,1317.4726902770014
1584921600,651.11005,698,638.96,689.99995,732.00641959,1331.4730608505015
1585008000,694.98749,714.38,681,702.56869,1168.51723536,1371.6428428660015
1585094400,702.46012,719,688.2,695,544.96894212,1328.6152409225012
1585180800,695,703.7899,685,696.39148,612.52937231,1327.3930551215012
1585267200,696.39147,707,671,686.04836,743.91510211,1333.5686287310014
1585353600,677.15995,685,648.12,670.98001,612.79155562,1324.9576241755012
1585440000,670.98,679.41249,650,656.74,330.2208882,1282.3200844710013
1585526400,664.12,694,652.00044,684.22,527.79328123,1265.388964819001
1585612800,686.62492,688.99897,655,680.64837,680.793209,1248.2484025630013
1585699200,674.29001,688,663.49001,688,456.57192242,1133.9414555245012
1585785600,688,734.99992,683.00055,715,1619.32498025,1048.828557228501
1585872000,715.03019,755,710,739.98,1257.40144017,1085.846358352001
1585958400,741.99995,749,732,740.78385,323.1761123,1071.5852420930012
1586044800,747.8686,760,741.39126,750.00001,232.35360774,985.7646855305011
1586131200,750.00001,887,750,887,1854.1504824,991.3239985620012
1586217600,887,950,800,856.60095,3274.70108434,1111.0518778925011
1586304000,879.2596,900,855.5501,881.06015,949.99079938,1027.701302762001
1586390400,881.87233,906,850,871.63,710.89872828,903.0069365710011
1586476800,862.2697,876.40907,774,811.43005,851.46935409,910.4035229200011
1586563200,821.05995,869.9988,800,834,605.79135587,904.4682936390011
1586649600,834.9,869.4,809,846.52,398.24189037,887.7800671780011
1586736000,836.54,840,798.3,823.2044,581.66286232,858.4373485260012
1586822400,827.94995,849.13,805,830,529.64391814,857.6710973270012
1586908800,826.82274,834.7,807.00001,814.88996,425.36038834,848.3126481285011
1586995200,807.79149,900,790.81,896.96994,1577.93739626,890.0137628360011
1587081600,896,899.99,875.12001,895.57959,519.86660715,885.3675154125012
1587168000,894.16759,972,882.16053,966.95994,1315.5075034,934.6318461725011
1587254400,966.95995,966.99,920,948.5692,588.36719991,937.6605421065012
1587340800,940.00005,959.698,905.00001,924.8,898.02563139,948.5221632260012
1587427200,924.8,937.99989,905.00001,929.98,251.11365091,938.2492496505013
1587513600,931.98,975,919.00001,970,1240.29070637,919.2975359565013
1587600000,970,1028.7999,967,1002,1906.59971105,951.7574495005013
1587686400,1000.00001,1086.8,970.0001,1023.80001,1611.20760817,1016.1590242940013
1587772800,1024.07,1069,1020,1049,770.59101821,1043.0708948175013
1587859200,1048.5,1074.9999,1045.55017,1074.5,540.63684531,977.3952129630013
1587945600,1067.12419,1104.99996,1065,1094,1150.53135765,871.1867266285013
1588032000,1094,1105,1061.00002,1089,816.80955654,864.5276644865013
1588118400,1085.18273,1160,1085.18273,1145,1452.91106723,901.6282814340013
1588204800,1148.96975,1175,1080,1111.88995,1685.1813615,943.3138818045012
1588291200,1111.79956,1154,1100,1140,466.52529044,936.3505785330013
1588377600,1139.99994,1149,1125.00001,1140.96332,256.04961727,929.2409648780013
1588464000,1130.02005,1158.8,1125.01,1141.82906,436.44618987,921.9801312555012
1588550400,1133.22039,1144,1103,1135.89443,964.11898995,943.7038848460012
1588636800,1129.59181,1139.99,1120,1128.5,544.1546725,949.6435990540012
1588723200,1129.5,1175,1120.01,1149.33,1599.2081435,950.7071364160013
1588809600,1149.32,1243.41,1121.02,1234.17,1982.40888809,1023.8342504630011
1588896000,1234.16395,1250,1105,1136.45999,1361.63821491,1026.1407860385011
1588982400,1130.001,1196.76595,1112,1142.79,906.58676578,1042.051764332001
1589068800,1126.67705,1142.499,1000,1055,1351.55815712,1064.728390618501
1589155200,1056.2561,1150,1041.52,1077,1135.73937982,1108.959677064001
1589241600,1070.37992,1123,1070.02564,1109.9899,421.08317613,1067.999300552001
1589328000,1109.9899,1192.5516,1091.22,1180,833.12398375,1014.325514187001
1589414400,1180,1193,1144.00004,1157.05694,928.65226024,980.197746790501
1589500800,1160,1163.47,1111.1111,1128.06,523.77661891,967.857026825501
1589587200,1128.1607,1170,1116,1152.24671,356.96181699,958.6732754095008
1589673600,1152.38806,1198,1140.30011,1179.33,596.73657743,930.9835363985009
1589760000,1172.27875,1239.82994,1165.01001,1219.68574,1158.2583672,948.0559769315008
1589846400,1220.20104,1227.28,1199.99,1218.38,576.91111574,904.2559793570008
1589932800,1218.38,1225.9999,1173,1195,722.15251485,856.1045370245008
1590019200,1201.96142,1209.99998,1055,1126.85074,1025.95261741,884.0759033730008
1590105600,1125.79,1175,1102,1167.53523,480.63155023,895.3050000210008
1590192000,1166.25638,1190,1159.10819,1159.32,175.29303854,882.2473424545008
1590278400,1159.3201,1174.54,1111.1111,1134.51621,232.10238588,845.6465122510008
1590364800,1127.00099,1149.84943,1107.1107,1134.01,519.97388297,844.4374727745007
1590451200,1134.01,1149,1080,1092.00274,699.31726167,799.4429286830007
1590537600,1092.00001,1140.00011,1052.6,1109,712.18084582,735.9315265695006
1590624000,1108.99,1186,1101.00128,1176,659.12795572,700.8060136100006
1590710400,1179.76995,1208,1176.03202,1180.46323,779.04191627,694.4287711345006
1590796800,1188.62599,1305.56,1178,1292.27171,1519.22968868,702.8123477125006
1590883200,1293.0011,1419.41,1236,1242.63,1176.43564273,704.8471608580006
1590969600,1247.85086,1350,1247.20012,1330,741.06696941,720.8463505220006
1591056000,1329.9999,1344.8555,1247,1266.27935,1511.02812918,754.7415577935006
1591142400,1266.49999,1280,1211.53,1251.99,860.03307035,751.3105982990007
1591228800,1252,1275.89,1221.30017,1257.1319,515.66792499,750.9051636030007
1591315200,1249.8,1264,1212.01,1212.05005,540.73616364,760.0938809355007
1591401600,1220.48752,1235,1212.01,1216.54418,151.16049101,737.8150766145006
1591488000,1216.54694,1234.66,1181,1222.02935,287.39337577,694.2718270430007
1591574400,1221.18105,1241.62999,1185.05,1206.9719,383.2618132,684.5893619160007
1591660800,1202.0805,1225,1185.7,1220.05621,431.25673175,670.0445727610006
1591747200,1219.26861,1240.00011,1200,1234.7299,377.89519106,637.6417014435008
1591833600,1234.7299,1245,1145,1187.43941,554.59113724,641.3396807940007
1591920000,1179.64968,1234,1168,1207.55,429.09317454,654.0296875940007
1592006400,1213.79515,1219,1191.02025,1211.0699,108.04825101,647.8269808505007
1592092800,1205.04429,1220,1190,1200,97.44562911,626.7005681575007
1592179200,1200,1219.99,1135.4,1195.07083,841.44378554,633.8068943510007
1592265600,1195.0191,1232.35,1190,1230,370.43994091,616.7198491055008
1592352000,1230,1232.35,1213.61001,1224.9699,439.82349516,605.7546260775008
1592438400,1225,1249.05,1213,1231.02,511.55289193,592.3801748605008
1592524800,1231.0101,1245.78,1205,1225.27999,461.41272605,539.4893267290008
1592611200,1225.29,1230,1217.01001,1224.88,69.11652151,484.1233706680008
1592697600,1224.88,1227,1220,1226,88.81642953,451.5108436740008
1592784000,1226,1286.84999,1221,1283.99836,723.09320395,412.1140974125008
1592870400,1283.3388,1285.5,1261,1268.98977,470.38682451,392.6317851205008
1592956800,1268.99,1285.5,1245,1258.5,376.42249926,385.66951383400084
1593043200,1259,1262.5,1240.58,1259.99625,244.81596434,370.87350386900084
1593129600,1253,1270,1238.05115,1250.81575,309.99228889,378.81509376300085
1593216000,1250.73242,1262.99,1220,1229.99,300.90118616,379.49048428250086
1593302400,1229.9,1249.49365,1221,1240,244.91551803,372.5731695240009
1593388800,1242.5,1245,1223,1233.55317,274.58617385,364.73964162900086
1593475200,1233.55525,1245,1230,1244.00254,141.5134659,352.9205553710009
1593561600,1233.85594,1257.99,1232.26,1250.09866,273.682481,338.8751225590009
1593648000,1250.01877,1250.01877,1220,1231.87,383.89415788,336.6151717260009
1593734400,1231.87,1236.89993,1220,1226.49202,188.01892858,340.61370560450086
1593820800,1227.7452,1232.35,1220.01,1229.93226,68.20131198,339.1514897480009
1593907200,1229.87748,1230,1215,1225.79899,173.96137662,305.7773693020009
1593993600,1225.789,1278,1218.69348,1274.78934,836.32230383,329.07148744800094
1594080000,1274.78846,1290,1263.8105,1280,417.41793597,327.9512094885009
1594166400,1280,1345.80121,1272.4,1314.2146,867.45982977,345.7465563805009
1594252800,1314.21459,1329.99993,1260.57,1288.57836,593.22274655,352.33705740550096
1594339200,1294.89448,1330,1270,1300.57,360.8720497,366.92483381500097
1594425600,1295.68981,1310.25,1285.2804,1287.0001,164.72440933,370.72023280500093
1594512000,1294.46,1300,1280.61,1291.99,145.45319089,341.8382321520009
1594598400,1293.17,1318,1286.3,1300,406.75896327,338.6568390900009
1594684800,1300,1309.49,1287.22,1293.3901,357.90155344,337.7307917990009
1594771200,1293.391,1303.31372,1286,1286.11075,366.12985144,343.79648615400083
1594857600,1286.11075,1294.78,1250.87,1265.01523,528.58809341,354.72627638000085
1594944000,1258.02,1282.75946,1255.62,1272.61284,264.6930737,352.91587075700085
1595030400,1272.60675,1294.57,1260,1282.24481,109.2484193,346.1325158205008
1595116800,1282.23889,1285,1270,1282.99967,58.75308551,335.34086140350087
1595203200,1282.99,1290,1270,1270.0053,260.8172741,341.30605181350086
1595289600,1270.0086,1299,1269.27,1292.51,298.59753693,342.5518046100009
1595376000,1284.8364,1365,1266.9001,1350.5428,797.08150843,363.2111721375009
1595462400,1352.3408,1460.36497,1330,1424.5101,1436.56561358,425.6385063875009
1595548800,1424.5107,1520,1416.03001,1474.74779,954.88612431,469.97274700400095
1595635200,1474.26266,1620.07114,1462.00001,1601.99924,973.71498833,509.96042758950097
1595721600,1602.0099,1644.4444,1560,1591.67,972.91766935,516.7901958655009
1595808000,1588.7801,1725,1588.7801,1627.9999,2534.75120539,622.6568593365009
1595894400,1619,1660,1512.14001,1633.18949,1299.98108444,644.282922070001
1595980800,1635.82986,1694,1610.00002,1640.42326,949.92973447,662.118271466001
1596067200,1641.0101,1748,1620.07001,1728.5,1250.63373566,706.606355764001
1596153600,1729,1830,1697.09548,1824.84,1408.17965197,768.779117896001
1596240000,1824.84,2070,1812.5,2041,1873.81878676,855.1973976895009
1596326400,2040,2186.19457,1700.45,1951,3192.76475342,994.4976871970009
1596412800,1949.5,2149,1902,2050,2072.84494284,1080.244856667001
1596499200,2049.99,2125.07,2049.99,2080,967.06181087,1110.291454638501
1596585600,2087.84724,2178.21,2065,2136.10102,1278.33323447,1147.778711691501
1596672000,2160,2182.77,2117.59337,2145,1083.01443973,1188.6947799930008
1596758400,2138.23017,2159.88999,1976,2089.48,1370.22426583,1251.7435723195008
1596844800,2080,2148.88,2025,2134.64,317.92706692,1264.702271390001
1596931200,2134.64,2152.89,2120,2142.88,303.12009913,1266.8174126415008
1597017600,2142.88,2180,2121.0001,2168.16395,784.18711496,1291.0968915430008
1597104000,2168.22004,2179.57,2003,2105.6696,1150.20573213,1308.7531027280008
1597190400,2090.98,2155,2003,2127.3501,480.06607708,1260.9281259030008
1597276800,2127.36,2300,2101.35108,2279.6166,1465.53638097,1286.4606387360006
1597363200,2279.61538,2500,2250.00001,2391.96044,1489.31373102,1312.2405758705006
1597449600,2380.17043,2465.55,2354,2377.3899,855.97907725,1306.3936462655006
1597536000,2361.0701,2376.39561,2303,2359.983,817.41139309,1220.5266556505005
1597622400,2360,2450,2310,2388.67784,1584.82057182,1234.7686300195005
1597708800,2394.01455,2410.01,2310,2360.93868,1079.00363921,1241.2223252565007
1597795200,2351.0118,2369.59999,2210,2310.44602,1134.99052729,1235.4401648380006
1597881600,2308.97252,2380,2256.4111,2354.91,536.12840182,1191.8376023305004
1597968000,2349.19,2359.99,2225,2236.04007,760.94635033,1136.1939805090005
1598054400,2241.74974,2356,2180,2241.42224,850.01170373,1019.0563280245005
1598140800,2267.66875,2268.01164,2218.08,2243.11642,189.75091777,924.9016267710007
1598227200,2242.83448,2328,2194.5,2314.71975,503.55318536,901.7261954955007
1598313600,2314.70975,2314.70975,2101.35108,2161.99999,1192.80662436,897.4498649900008
1598400000,2161.98999,2230,2125,2184.46,465.5242316,866.5753545835008
1598486400,2184.46,2208.99999,2100,2138.85,464.83541241,821.3059119125007
1598572800,2138.85,2199.9,2130.32001,2161.90275,305.33784358,820.6764507455007
1598659200,2166.90653,2189,2136.42,2173,157.62662127,813.4017768525007
1598745600,2163.66,2311.02,2154.55301,2305.97,416.48707917,795.0167750630008
1598832000,2309.87,2396.77,2278.02902,2387.45,1290.41885067,802.0274309900008
1598918400,2387.45,2615,2276,2584.9101,3004.36340376,928.2422973240007
1599004800,2584.9101,2598.04939,2324.46018,2414.28999,1502.51475941,930.0912162460008
1599091200,2414.27,2450,2000,2089.99963,2102.89824756,960.7704420730008
1599177600,2060.9901,2278,2004.01,2115.04198,1817.80103561,1008.8615399910007
1599264000,2129.8494,2157.99,1701.78,1824.69897,1737.9273179,1054.8873362315007
1599350400,1829.7299,1988,1715.71,1921,745.69479181,1012.9310472310008
1599436800,1921.9999,1922,1731.77525,1917,534.46858794,985.7042946675007
1599523200,1916.99,1917,1800,1834.95,774.0287194,967.6562042730008
1599609600,1826.01325,1905.99984,1800.0001,1900.61988,619.54029286,971.8267988250009
1599696000,1901.92893,2044,1893.01844,2004.99157,1193.75076756,993.4670196865009
1599782400,2004.98768,2018,1921.01,2009.85471,454.8865994,973.7107644700009
1599868800,2009.78812,2058.56,1970,2058.5299,366.48718728,982.5475779455007
1599955200,2058.5299,2148.9,1925,1979.89,586.31290711,986.6855640330008
1600041600,1972.43599,2067.4855,1930,2015.79153,684.15461114,961.2529633720007
1600128000,2002.47594,2050,1935.55001,1973.41326,822.02840853,979.0781722185008
1600214400,1978.90461,1997,1929,1951.00154,495.21202457,980.5970028265007
1600300800,1964.90783,2069.9899,1950.9899,2047.13604,838.65264031,1007.2627426630006
1600387200,2047.15,2080,2035.18,2063.41172,429.70787777,1020.8668054880006
1600473600,2063.39,2121,2055,2108.99999,292.71226038,1014.6780645485007
1600560000,2108.26499,2120,2003,2044.34564,574.94548769,978.9043963995007
1600646400,2099,2120,1850,1886.99468,1796.62991342,918.5177218825008
1600732800,1862.5537,1971,1850,1914.19936,725.2792013,879.6559439770008
1600819200,1914.19869,1932.5295,1800,1830.0403,823.91346866,815.7067050320007
1600905600,1830.0604,1945,1820.30025,1936.01298,470.39498691,748.3364025970006
1600992000,1936.0101,2003.02,1890.25,1978.51791,524.82230497,687.6811519505006
1601078400,1962.20375,1976.39,1941.04017,1959.16007,146.04344124,657.6985844220007
1601164800,1971.93504,1999,1959,1976.19161,167.65001377,639.3576557135008
1601251200,1987.89892,2065.78,1976.35147,2017.80912,659.27876664,633.6201580755007
1601337600,2016.72,2075,1991,2032.99,601.41626173,632.7139565190008
1601424000,2032.99,2050,2000,2040,415.5742527,593.8051307760009
1601510400,2020.3604,2070,1960,2007.0001,804.199075,611.2707545560008
1601596800,2012,2012,1926.1002,1977.00254,843.41479553,635.1171349685007
1601683200,1986.685,1999,1976.4915,1981.0001,56.62202244,608.6325907350008
1601769600,1981,2008,1981,2008,110.3244774,579.9410840480008
1601856000,2007,2027,1958.6,1996.29902,241.95094252,550.9372107475008
1601942400,1996.2899,1997.99999,1903.02,1935.723,424.2398326,547.3886011490007
1602028800,1935.83566,1959.93636,1901,1924,378.88759344,524.4003488055007
1602115200,1924,1997,1910,1960.52167,331.10064314,519.4699870740008
1602201600,1972.10037,2028.54494,1960,2015.00001,618.67976937,535.7683625235007
1602288000,2015.00076,2085,2015.00076,2034.84169,574.71538725,535.7568575015008
1602374400,2048.99907,2070,2015,2053,321.53109771,462.0019167160008
1602460800,2052,2159.99,2033.01001,2135,888.8242072,470.17916701100074
1602547200,2154.48,2162.79,2105,2120.001,459.83405963,451.9751965595007
1602633600,2135,2155,2107.77,2128.44382,453.1266023,451.1117773290008
1602720000,2139.96943,2150,2104.00022,2142.99,297.83867083,439.76259562200073
1602806400,2139,2140.22612,2051.02,2103.29094,523.86662382,458.65375475100075
1602892800,2103.13058,2110.81226,2085,2100.30976,52.45703328,452.8941057265007
1602979200,2100.35348,2141,2096.07,2134,219.48117997,430.90422639300067
1603065600,2134,2150.99998,2080,2141.65056,435.5491869,422.6108726515007
1603152000,2130.05095,2141.63936,2072.00001,2076.09216,713.90578063,437.52744904800073
1603238400,2083.9123,2222.22,1980,2172.0101,1558.48350826,475.2416707110007
1603324800,2172.0001,2344.99999,2131.97,2292.471,1359.25003275,501.0334325720008
1603411200,2293.7578,2339,2112.01,2298.99989,930.60712324,544.7326876120007
1603497600,2284.07364,2323.91,2284.07364,2306.23,260.64287188,552.2486073360008
1603584000,2301,2320.99,2283,2283.03396,239.41364022,552.1217422210008
1603670400,2293.989,2314.89986,2181.00001,2221.7,895.52210045,575.6858556135007
1603756800,2221.7001,2315,2150,2290.122,942.197415,603.8513466915008
1603843200,2297.95931,2320,2178.1992,2223.99312,1062.93246258,640.4429376635007